GEOID,Median_Housing_Price_2021
1400000US06037101110,549500
1400000US06037101122,707200
1400000US06037101220,582300
1400000US06037101221,482300
1400000US06037101222,421600
1400000US06037101300,680700
1400000US06037101400,589200
1400000US06037102103,775200
1400000US06037102104,618200
1400000US06037102105,553400
1400000US06037102107,710600
1400000US06037103101,645000
1400000US06037103102,538400
1400000US06037103201,569800
1400000US06037103202,738300
1400000US06037103300,825500
1400000US06037103401,629700
1400000US06037103402,626100
1400000US06037104103,556000
1400000US06037104105,399500
1400000US06037104108,448300
1400000US06037104124,531700
1400000US06037104201,491400
1400000US06037104203,446300
1400000US06037104204,421600
1400000US06037104310,480000
1400000US06037104321,488400
1400000US06037104322,507000
1400000US06037104401,464400
1400000US06037104403,526200
1400000US06037104404,508100
1400000US06037104500,477900
1400000US06037104610,452200
1400000US06037104620,478900
1400000US06037104701,477500
1400000US06037104703,505400
1400000US06037104704,259500
1400000US06037104821,446700
1400000US06037104822,519500
1400000US06037104823,462400
1400000US06037104824,532000
1400000US06037106010,583400
1400000US06037106020,560300
1400000US06037106111,549100
1400000US06037106112,567400
1400000US06037106113,536300
1400000US06037106114,427100
1400000US06037106403,516000
1400000US06037106405,431800
1400000US06037106406,413800
1400000US06037106407,333100
1400000US06037106408,410700
1400000US06037106510,586600
1400000US06037106520,495500
1400000US06037106603,834300
1400000US06037106604,586300
1400000US06037106641,800300
1400000US06037106642,704500
1400000US06037106643,937600
1400000US06037106645,809000
1400000US06037106646,630800
1400000US06037106648,483800
1400000US06037106649,615700
1400000US06037107010,495800
1400000US06037107020,441400
1400000US06037108101,804900
1400000US06037108102,802300
1400000US06037108103,918200
1400000US06037108104,861800
1400000US06037108202,969500
1400000US06037108203,753000
1400000US06037108204,774200
1400000US06037109100,478500
1400000US06037109200,642200
1400000US06037109300,618000
1400000US06037109400,463600
1400000US06037109500,587600
1400000US06037109601,614200
1400000US06037109603,596800
1400000US06037109604,555000
1400000US06037109700,607500
1400000US06037109800,626900
1400000US06037111100,624200
1400000US06037111201,696800
1400000US06037111202,649500
1400000US06037111204,897500
1400000US06037111205,568700
1400000US06037111206,786400
1400000US06037111302,661100
1400000US06037111303,654300
1400000US06037111304,NA
1400000US06037111401,635500
1400000US06037111402,631700
1400000US06037113101,721200
1400000US06037113102,997400
1400000US06037113211,613300
1400000US06037113212,628500
1400000US06037113213,621000
1400000US06037113231,819800
1400000US06037113232,761800
1400000US06037113234,NA
1400000US06037113235,574700
1400000US06037113237,763600
1400000US06037113238,418800
1400000US06037113239,NA
1400000US06037113301,890000
1400000US06037113303,626100
1400000US06037113322,721800
1400000US06037113323,529000
1400000US06037113324,361700
1400000US06037113423,615200
1400000US06037113424,622900
1400000US06037113425,411100
1400000US06037113426,631300
1400000US06037113427,412500
1400000US06037113428,572600
1400000US06037115101,904600
1400000US06037115103,NA
1400000US06037115104,486000
1400000US06037115202,622600
1400000US06037115203,920400
1400000US06037115204,664800
1400000US06037115301,692300
1400000US06037115302,622700
1400000US06037115401,738500
1400000US06037115403,634400
1400000US06037115404,612800
1400000US06037117101,500600
1400000US06037117102,577700
1400000US06037117201,565300
1400000US06037117202,610600
1400000US06037117301,630300
1400000US06037117302,634800
1400000US06037117303,651000
1400000US06037117404,655300
1400000US06037117405,278500
1400000US06037117407,NA
1400000US06037117408,477300
1400000US06037117510,354600
1400000US06037117520,431200
1400000US06037117530,419700
1400000US06037119001,545700
1400000US06037119003,485300
1400000US06037119004,563400
1400000US06037119201,550100
1400000US06037119202,499800
1400000US06037119310,386700
1400000US06037119320,436700
1400000US06037119340,NA
1400000US06037119341,408900
1400000US06037119342,338700
1400000US06037119400,555200
1400000US06037119700,604200
1400000US06037119801,543200
1400000US06037119802,539900
1400000US06037119900,500500
1400000US06037120010,493800
1400000US06037120020,531700
1400000US06037120030,588000
1400000US06037120103,450000
1400000US06037120104,463700
1400000US06037120105,464600
1400000US06037120106,NA
1400000US06037120107,425000
1400000US06037120108,346900
1400000US06037120300,573800
1400000US06037120400,566000
1400000US06037121010,604900
1400000US06037121020,611100
1400000US06037121101,471900
1400000US06037121102,570800
1400000US06037121210,558500
1400000US06037121221,538800
1400000US06037121222,596600
1400000US06037121600,619200
1400000US06037121801,575500
1400000US06037121802,605000
1400000US06037121900,605400
1400000US06037122000,612600
1400000US06037122120,598100
1400000US06037122121,528900
1400000US06037122122,397900
1400000US06037122200,566900
1400000US06037122410,519200
1400000US06037122420,638200
1400000US06037123010,577800
1400000US06037123020,514400
1400000US06037123103,588300
1400000US06037123104,679300
1400000US06037123203,603300
1400000US06037123204,706300
1400000US06037123205,718800
1400000US06037123206,532300
1400000US06037123301,531300
1400000US06037123303,634400
1400000US06037123304,648900
1400000US06037123410,602300
1400000US06037123420,623300
1400000US06037123510,780000
1400000US06037123520,678100
1400000US06037123601,646300
1400000US06037123602,846000
1400000US06037123700,641800
1400000US06037123800,844500
1400000US06037123901,741100
1400000US06037123902,825500
1400000US06037124000,1037300
1400000US06037124102,789400
1400000US06037124103,678300
1400000US06037124104,746200
1400000US06037124105,605100
1400000US06037124201,643800
1400000US06037124203,676900
1400000US06037124204,433900
1400000US06037124300,729200
1400000US06037124400,940500
1400000US06037124500,865700
1400000US06037124600,930500
1400000US06037124700,999400
1400000US06037124902,813000
1400000US06037124903,566800
1400000US06037125101,536600
1400000US06037125102,1394200
1400000US06037125200,896200
1400000US06037125310,831100
1400000US06037125321,461600
1400000US06037125322,NA
1400000US06037125402,728800
1400000US06037125403,356700
1400000US06037125404,NA
1400000US06037125501,710700
1400000US06037125502,701100
1400000US06037125600,1250000
1400000US06037127102,454300
1400000US06037127103,340400
1400000US06037127104,595000
1400000US06037127210,536300
1400000US06037127220,540500
1400000US06037127300,605900
1400000US06037127400,529800
1400000US06037127520,256700
1400000US06037127603,613600
1400000US06037127604,529700
1400000US06037127605,612400
1400000US06037127606,593500
1400000US06037127711,708900
1400000US06037127712,640900
1400000US06037127803,605100
1400000US06037127804,499000
1400000US06037127805,690300
1400000US06037127806,572700
1400000US06037127910,598900
1400000US06037127920,625600
1400000US06037128101,696000
1400000US06037128102,596900
1400000US06037128210,450000
1400000US06037128220,665100
1400000US06037128302,566700
1400000US06037128303,372200
1400000US06037128400,781900
1400000US06037128500,698000
1400000US06037128601,771300
1400000US06037128602,929700
1400000US06037128703,611700
1400000US06037128704,917400
1400000US06037128801,655200
1400000US06037128802,836900
1400000US06037128910,952000
1400000US06037131021,625000
1400000US06037131022,616000
1400000US06037131023,542700
1400000US06037131024,579600
1400000US06037131100,626600
1400000US06037131200,612900
1400000US06037131300,597600
1400000US06037131400,535500
1400000US06037131600,565000
1400000US06037131701,539300
1400000US06037131702,597700
1400000US06037131801,532900
1400000US06037131802,591000
1400000US06037131900,623400
1400000US06037132001,605700
1400000US06037132002,632700
1400000US06037132101,627900
1400000US06037132102,551900
1400000US06037132301,357600
1400000US06037132302,600700
1400000US06037132501,594600
1400000US06037132502,435000
1400000US06037132700,618000
1400000US06037132900,677500
1400000US06037133000,548300
1400000US06037133101,657100
1400000US06037133102,671200
1400000US06037134001,476400
1400000US06037134002,575200
1400000US06037134101,633700
1400000US06037134103,604500
1400000US06037134104,598300
1400000US06037134201,620500
1400000US06037134302,647700
1400000US06037134303,573700
1400000US06037134304,604400
1400000US06037134305,NA
1400000US06037134306,527100
1400000US06037134421,860800
1400000US06037134422,772400
1400000US06037134423,796200
1400000US06037134424,966200
1400000US06037134520,387800
1400000US06037134521,533700
1400000US06037134522,434300
1400000US06037134710,598500
1400000US06037134720,549900
1400000US06037134801,572300
1400000US06037134802,533700
1400000US06037134901,672600
1400000US06037134904,613500
1400000US06037134905,594100
1400000US06037134906,NA
1400000US06037134907,NA
1400000US06037135102,676600
1400000US06037135111,660100
1400000US06037135113,339900
1400000US06037135115,580600
1400000US06037135116,586500
1400000US06037135201,719900
1400000US06037135202,657500
1400000US06037135204,658000
1400000US06037135205,880800
1400000US06037137000,927400
1400000US06037137103,468900
1400000US06037137104,761100
1400000US06037137202,817800
1400000US06037137203,824000
1400000US06037137301,966900
1400000US06037137302,970000
1400000US06037137401,867400
1400000US06037137402,977500
1400000US06037137501,1270300
1400000US06037137502,863800
1400000US06037137504,1467400
1400000US06037138000,901000
1400000US06037139001,770400
1400000US06037139200,671500
1400000US06037139301,910600
1400000US06037139302,313900
1400000US06037139303,418900
1400000US06037139401,853000
1400000US06037139402,1511500
1400000US06037139502,904900
1400000US06037139504,562500
1400000US06037139505,378800
1400000US06037139506,439400
1400000US06037139600,1261900
1400000US06037139701,1359600
1400000US06037139703,1725900
1400000US06037139704,1495300
1400000US06037139705,1738200
1400000US06037139801,1287800
1400000US06037139802,1254100
1400000US06037141101,707700
1400000US06037141102,1085300
1400000US06037141201,915200
1400000US06037141202,919500
1400000US06037141303,551100
1400000US06037141304,1132600
1400000US06037141305,910900
1400000US06037141306,973700
1400000US06037141400,1229500
1400000US06037141500,2000001
1400000US06037141600,1395600
1400000US06037141700,1580000
1400000US06037143101,1073800
1400000US06037143102,765100
1400000US06037143200,854100
1400000US06037143301,686600
1400000US06037143302,1210800
1400000US06037143401,939000
1400000US06037143402,973400
1400000US06037143500,1218400
1400000US06037143602,899100
1400000US06037143603,767900
1400000US06037143605,735000
1400000US06037143606,676500
1400000US06037143700,1537500
1400000US06037143801,1521400
1400000US06037143802,1641800
1400000US06037143901,1800000
1400000US06037143902,1475000
1400000US06037181000,976700
1400000US06037181300,897000
1400000US06037181400,812900
1400000US06037181500,858800
1400000US06037181600,944400
1400000US06037183101,710000
1400000US06037183103,720800
1400000US06037183104,791400
1400000US06037183220,663200
1400000US06037183221,840100
1400000US06037183222,829400
1400000US06037183300,745300
1400000US06037183401,768400
1400000US06037183402,846900
1400000US06037183510,791500
1400000US06037183520,724900
1400000US06037183610,728300
1400000US06037183620,830200
1400000US06037183701,480400
1400000US06037183702,958300
1400000US06037183810,771800
1400000US06037183820,799700
1400000US06037185101,785900
1400000US06037185102,974400
1400000US06037185202,944200
1400000US06037185203,719400
1400000US06037185204,920200
1400000US06037185310,628600
1400000US06037185320,603700
1400000US06037186100,834100
1400000US06037186201,861200
1400000US06037186202,755400
1400000US06037186203,863900
1400000US06037186301,740700
1400000US06037186302,861800
1400000US06037186401,540700
1400000US06037186403,720300
1400000US06037186404,694700
1400000US06037187101,943400
1400000US06037187102,832200
1400000US06037187200,638600
1400000US06037187300,1080400
1400000US06037188100,852000
1400000US06037188201,1081500
1400000US06037188202,2000001
1400000US06037188300,964100
1400000US06037189101,1071900
1400000US06037189102,951300
1400000US06037189201,866100
1400000US06037189202,1950800
1400000US06037189300,1835700
1400000US06037189400,1541100
1400000US06037189501,871000
1400000US06037189502,1360000
1400000US06037189600,1246800
1400000US06037189702,1708300
1400000US06037189703,1529000
1400000US06037189704,1393600
1400000US06037189801,NA
1400000US06037189802,1008900
1400000US06037189903,570200
1400000US06037189904,NA
1400000US06037189905,696700
1400000US06037189906,NA
1400000US06037189907,1008600
1400000US06037190101,NA
1400000US06037190102,671300
1400000US06037190201,NA
1400000US06037190202,NA
1400000US06037190302,822200
1400000US06037190303,NA
1400000US06037190401,477300
1400000US06037190402,NA
1400000US06037190510,NA
1400000US06037190520,562500
1400000US06037190701,1130300
1400000US06037190702,1194400
1400000US06037190801,833300
1400000US06037190802,750000
1400000US06037190901,863800
1400000US06037190902,1088800
1400000US06037191000,553300
1400000US06037191110,677900
1400000US06037191120,1042900
1400000US06037191201,709400
1400000US06037191203,693500
1400000US06037191204,850000
1400000US06037191301,776500
1400000US06037191302,664200
1400000US06037191410,646700
1400000US06037191420,920500
1400000US06037191500,883800
1400000US06037191610,1169100
1400000US06037191620,796900
1400000US06037191710,476400
1400000US06037191720,894700
1400000US06037191810,675700
1400000US06037191820,824400
1400000US06037191901,912500
1400000US06037191902,1335600
1400000US06037192001,1558500
1400000US06037192002,1345100
1400000US06037192300,1106800
1400000US06037192410,1143100
1400000US06037192420,882900
1400000US06037192510,706600
1400000US06037192520,632800
1400000US06037192610,1093200
1400000US06037192620,598700
1400000US06037192700,767900
1400000US06037194101,2000001
1400000US06037194102,1881900
1400000US06037194200,1962900
1400000US06037194300,2000001
1400000US06037194401,1606300
1400000US06037194402,998500
1400000US06037194500,1770800
1400000US06037195100,1493000
1400000US06037195201,1467000
1400000US06037195202,1258300
1400000US06037195300,859200
1400000US06037195400,1229500
1400000US06037195500,910800
1400000US06037195600,805100
1400000US06037195710,1006100
1400000US06037195720,655000
1400000US06037195802,897000
1400000US06037195803,1061500
1400000US06037195804,1102300
1400000US06037195901,1306800
1400000US06037195902,1176600
1400000US06037195903,838700
1400000US06037197200,666200
1400000US06037197300,1034000
1400000US06037197410,1067800
1400000US06037197420,938300
1400000US06037197500,942100
1400000US06037197600,770800
1400000US06037197700,613500
1400000US06037199001,621000
1400000US06037199002,470300
1400000US06037199110,581900
1400000US06037199120,563300
1400000US06037199201,497500
1400000US06037199202,672600
1400000US06037199300,688600
1400000US06037199400,600500
1400000US06037199700,637800
1400000US06037199801,544400
1400000US06037199802,582500
1400000US06037199900,553800
1400000US06037201110,657900
1400000US06037201120,633000
1400000US06037201200,623100
1400000US06037201301,645100
1400000US06037201302,549300
1400000US06037201401,560100
1400000US06037201402,618100
1400000US06037201501,608400
1400000US06037201503,531000
1400000US06037201504,607000
1400000US06037201601,578100
1400000US06037201602,614600
1400000US06037201700,569600
1400000US06037203100,610400
1400000US06037203200,492300
1400000US06037203300,483300
1400000US06037203500,558600
1400000US06037203601,438300
1400000US06037203602,578300
1400000US06037203710,586700
1400000US06037203720,618900
1400000US06037203800,428600
1400000US06037203900,502000
1400000US06037204110,498700
1400000US06037204120,463300
1400000US06037204200,449600
1400000US06037204300,497500
1400000US06037204410,551000
1400000US06037204420,443600
1400000US06037204600,442300
1400000US06037204700,513700
1400000US06037204810,477800
1400000US06037204820,485300
1400000US06037204910,546900
1400000US06037204920,483000
1400000US06037205110,NA
1400000US06037205120,465800
1400000US06037206010,806800
1400000US06037206020,NA
1400000US06037206050,450000
1400000US06037206051,895800
1400000US06037206052,645500
1400000US06037206053,622800
1400000US06037206054,NA
1400000US06037206201,510100
1400000US06037206202,472100
1400000US06037206301,NA
1400000US06037206302,NA
1400000US06037206303,NA
1400000US06037207101,NA
1400000US06037207102,795000
1400000US06037207103,607100
1400000US06037207303,818200
1400000US06037207304,NA
1400000US06037207305,NA
1400000US06037207306,647300
1400000US06037207307,NA
1400000US06037207308,NA
1400000US06037207400,NA
1400000US06037207501,720100
1400000US06037207502,NA
1400000US06037207711,814500
1400000US06037207712,768400
1400000US06037207901,625000
1400000US06037207902,910700
1400000US06037208001,NA
1400000US06037208002,705100
1400000US06037208301,NA
1400000US06037208302,831100
1400000US06037208401,703900
1400000US06037208402,784800
1400000US06037208501,858800
1400000US06037208502,NA
1400000US06037208610,776800
1400000US06037208620,678900
1400000US06037208710,421000
1400000US06037208720,NA
1400000US06037208801,NA
1400000US06037208802,NA
1400000US06037208902,NA
1400000US06037208903,NA
1400000US06037208904,NA
1400000US06037209103,NA
1400000US06037209104,NA
1400000US06037209105,NA
1400000US06037209106,NA
1400000US06037209201,662900
1400000US06037209202,NA
1400000US06037209300,NA
1400000US06037209401,NA
1400000US06037209402,NA
1400000US06037209403,NA
1400000US06037209510,NA
1400000US06037209520,NA
1400000US06037209810,NA
1400000US06037209820,720100
1400000US06037210010,398200
1400000US06037211000,2000001
1400000US06037211121,NA
1400000US06037211122,NA
1400000US06037211123,NA
1400000US06037211124,483700
1400000US06037211201,692700
1400000US06037211202,843800
1400000US06037211310,695500
1400000US06037211320,NA
1400000US06037211410,1563600
1400000US06037211420,945700
1400000US06037211500,1399300
1400000US06037211701,NA
1400000US06037211703,456200
1400000US06037211704,535300
1400000US06037211802,NA
1400000US06037211803,4.00E+05
1400000US06037211804,NA
1400000US06037211910,376400
1400000US06037211921,NA
1400000US06037211922,NA
1400000US06037212101,525600
1400000US06037212102,NA
1400000US06037212202,909100
1400000US06037212203,NA
1400000US06037212204,NA
1400000US06037212303,NA
1400000US06037212304,NA
1400000US06037212305,NA
1400000US06037212306,511400
1400000US06037212410,604200
1400000US06037212420,NA
1400000US06037212501,1092100
1400000US06037212502,768900
1400000US06037212610,802600
1400000US06037212620,869000
1400000US06037212701,1089300
1400000US06037212702,1094500
1400000US06037212800,1102400
1400000US06037212900,1028600
1400000US06037213100,1050300
1400000US06037213201,786900
1400000US06037213202,638400
1400000US06037213310,663700
1400000US06037213320,648800
1400000US06037213401,NA
1400000US06037213402,790200
1400000US06037214000,1902000
1400000US06037214100,2000001
1400000US06037214400,2000001
1400000US06037214501,NA
1400000US06037214503,NA
1400000US06037214504,852300
1400000US06037214505,NA
1400000US06037214600,NA
1400000US06037214700,1863800
1400000US06037214800,1512200
1400000US06037214902,859600
1400000US06037214903,714700
1400000US06037214904,1058100
1400000US06037215101,662500
1400000US06037215102,NA
1400000US06037216100,1510800
1400000US06037216201,1923100
1400000US06037216202,1160000
1400000US06037216301,1784300
1400000US06037216302,910500
1400000US06037216401,834200
1400000US06037216402,802100
1400000US06037216700,1149800
1400000US06037216800,1570300
1400000US06037216901,1097800
1400000US06037216902,1305100
1400000US06037217001,1442700
1400000US06037217002,1135700
1400000US06037217101,1555600
1400000US06037217102,1145500
1400000US06037217200,1152700
1400000US06037218110,987100
1400000US06037218120,669000
1400000US06037218210,826900
1400000US06037218220,1078700
1400000US06037218300,872100
1400000US06037218400,689300
1400000US06037218500,845700
1400000US06037218600,687900
1400000US06037218701,761800
1400000US06037218702,758700
1400000US06037218800,826300
1400000US06037218900,990800
1400000US06037219010,708200
1400000US06037219020,719800
1400000US06037219300,720500
1400000US06037219500,774600
1400000US06037219700,650500
1400000US06037219800,631300
1400000US06037219901,550500
1400000US06037219902,668800
1400000US06037220000,625000
1400000US06037220100,855100
1400000US06037221110,796900
1400000US06037221120,667800
1400000US06037221210,848100
1400000US06037221220,611600
1400000US06037221302,693200
1400000US06037221303,912500
1400000US06037221304,643600
1400000US06037221401,645200
1400000US06037221402,1165800
1400000US06037221500,869100
1400000US06037221601,750000
1400000US06037221602,645400
1400000US06037221710,615300
1400000US06037221810,645800
1400000US06037221820,836400
1400000US06037221900,656800
1400000US06037222001,713700
1400000US06037222002,598400
1400000US06037222100,666900
1400000US06037222200,824600
1400000US06037222500,575700
1400000US06037222600,509300
1400000US06037222700,NA
1400000US06037224010,NA
1400000US06037224020,738600
1400000US06037224200,745000
1400000US06037224310,826900
1400000US06037224320,619800
1400000US06037224410,774500
1400000US06037224420,739100
1400000US06037224600,692100
1400000US06037224701,NA
1400000US06037224702,NA
1400000US06037226001,434000
1400000US06037226002,573200
1400000US06037226410,518600
1400000US06037226420,573000
1400000US06037226701,443000
1400000US06037226702,482600
1400000US06037227010,432100
1400000US06037227020,385700
1400000US06037228100,436800
1400000US06037228210,437400
1400000US06037228220,460900
1400000US06037228310,447100
1400000US06037228320,403800
1400000US06037228410,458000
1400000US06037228420,478400
1400000US06037228500,404000
1400000US06037228600,574200
1400000US06037228710,386800
1400000US06037228720,462500
1400000US06037228800,439300
1400000US06037228900,441700
1400000US06037229100,464300
1400000US06037229200,364800
1400000US06037229300,493600
1400000US06037229410,429400
1400000US06037229420,435400
1400000US06037231100,431800
1400000US06037231210,464200
1400000US06037231220,570900
1400000US06037231301,470500
1400000US06037231302,616200
1400000US06037231400,563000
1400000US06037231500,620000
1400000US06037231601,579800
1400000US06037231602,547900
1400000US06037231603,647200
1400000US06037231710,NA
1400000US06037231720,395500
1400000US06037231800,540100
1400000US06037231901,443000
1400000US06037231902,474700
1400000US06037232110,405600
1400000US06037232120,471200
1400000US06037232200,505800
1400000US06037232300,494500
1400000US06037232401,541300
1400000US06037232402,556100
1400000US06037232500,501600
1400000US06037232601,437800
1400000US06037232602,562500
1400000US06037232701,547000
1400000US06037232702,556300
1400000US06037232800,496000
1400000US06037234001,838400
1400000US06037234002,640600
1400000US06037234200,759400
1400000US06037234301,838100
1400000US06037234302,692700
1400000US06037234501,596000
1400000US06037234502,657600
1400000US06037234600,634800
1400000US06037234700,501000
1400000US06037234800,470400
1400000US06037234901,NA
1400000US06037234902,539200
1400000US06037235100,790700
1400000US06037235201,516900
1400000US06037235202,562700
1400000US06037236001,695900
1400000US06037236101,682900
1400000US06037236102,452000
1400000US06037236203,NA
1400000US06037236204,NA
1400000US06037236205,NA
1400000US06037236206,NA
1400000US06037236400,929800
1400000US06037237101,602100
1400000US06037237102,459200
1400000US06037237201,432700
1400000US06037237202,478400
1400000US06037237300,486000
1400000US06037237401,435700
1400000US06037237402,450900
1400000US06037237500,450900
1400000US06037237600,379200
1400000US06037237710,336100
1400000US06037237720,370100
1400000US06037237800,476700
1400000US06037237900,521800
1400000US06037238000,5.00E+05
1400000US06037238100,571300
1400000US06037238200,445400
1400000US06037238310,427300
1400000US06037238320,5.00E+05
1400000US06037238400,575200
1400000US06037239201,491700
1400000US06037239202,592000
1400000US06037239310,446400
1400000US06037239320,567300
1400000US06037239330,406500
1400000US06037239501,372700
1400000US06037239502,463100
1400000US06037239601,435500
1400000US06037239602,428700
1400000US06037239701,422200
1400000US06037239702,456300
1400000US06037239801,440400
1400000US06037239802,477600
1400000US06037240010,391400
1400000US06037240020,425400
1400000US06037240200,370100
1400000US06037240301,490700
1400000US06037240302,633400
1400000US06037240401,455600
1400000US06037240402,387800
1400000US06037240500,437300
1400000US06037240600,418200
1400000US06037240700,417600
1400000US06037240800,404900
1400000US06037240901,414400
1400000US06037240902,368200
1400000US06037241001,443800
1400000US06037241002,442600
1400000US06037241110,438400
1400000US06037241120,415800
1400000US06037241201,439700
1400000US06037241202,451900
1400000US06037241300,470800
1400000US06037241400,414900
1400000US06037242000,421300
1400000US06037242100,NA
1400000US06037242201,400400
1400000US06037242202,4.00E+05
1400000US06037242300,426400
1400000US06037242600,416700
1400000US06037242700,417700
1400000US06037243001,381800
1400000US06037243002,380900
1400000US06037243100,363500
1400000US06037261102,2000001
1400000US06037261103,2000001
1400000US06037261104,2000001
1400000US06037261200,1705300
1400000US06037262100,2000001
1400000US06037262200,2000001
1400000US06037262301,2000001
1400000US06037262302,2000001
1400000US06037262303,2000001
1400000US06037262400,2000001
1400000US06037262501,2000001
1400000US06037262601,2000001
1400000US06037262604,2000001
1400000US06037262704,2000001
1400000US06037262706,2000001
1400000US06037262802,2000001
1400000US06037264000,2000001
1400000US06037264102,816800
1400000US06037264103,808200
1400000US06037264303,718100
1400000US06037264304,1205900
1400000US06037264305,2000001
1400000US06037264306,1242400
1400000US06037265100,2000001
1400000US06037265201,1555800
1400000US06037265203,1154000
1400000US06037265204,686700
1400000US06037265301,NA
1400000US06037265303,671500
1400000US06037265304,NA
1400000US06037265306,NA
1400000US06037265307,NA
1400000US06037265410,1842300
1400000US06037265420,2000001
1400000US06037265521,NA
1400000US06037265522,687500
1400000US06037265523,886900
1400000US06037265524,846200
1400000US06037265601,1402500
1400000US06037265602,1204900
1400000US06037265701,2000001
1400000US06037265702,1633000
1400000US06037267101,906400
1400000US06037267102,967100
1400000US06037267201,977600
1400000US06037267202,1199000
1400000US06037267300,548000
1400000US06037267403,728700
1400000US06037267404,941000
1400000US06037267405,804900
1400000US06037267406,662500
1400000US06037267502,1123000
1400000US06037267503,947700
1400000US06037267504,784500
1400000US06037267600,962900
1400000US06037267700,883900
1400000US06037267800,1193300
1400000US06037267901,1344900
1400000US06037267902,1207100
1400000US06037269000,2000001
1400000US06037269100,1826100
1400000US06037269300,2000001
1400000US06037269500,2000001
1400000US06037269601,769500
1400000US06037269602,1216500
1400000US06037269700,1096400
1400000US06037269800,903800
1400000US06037269903,944400
1400000US06037269905,NA
1400000US06037269906,745500
1400000US06037269907,767900
1400000US06037269908,NA
1400000US06037269909,940200
1400000US06037270101,281600
1400000US06037270102,886700
1400000US06037270200,1094000
1400000US06037270300,1158900
1400000US06037271100,1263600
1400000US06037271200,834500
1400000US06037271300,1168900
1400000US06037271400,1492900
1400000US06037271500,1872500
1400000US06037271600,1593100
1400000US06037271702,1158700
1400000US06037271703,1334900
1400000US06037271704,1319900
1400000US06037271801,1154300
1400000US06037271803,661800
1400000US06037271804,1222800
1400000US06037271901,1512000
1400000US06037271902,1653500
1400000US06037272100,1415600
1400000US06037272201,1132500
1400000US06037272202,920500
1400000US06037272301,1279300
1400000US06037272302,745900
1400000US06037273100,1662300
1400000US06037273200,1681400
1400000US06037273300,1835200
1400000US06037273403,2000001
1400000US06037273404,1603300
1400000US06037273502,1845000
1400000US06037273600,2000001
1400000US06037273700,1843400
1400000US06037273800,1594500
1400000US06037273902,2000001
1400000US06037274100,1389500
1400000US06037274202,1588200
1400000US06037275101,996000
1400000US06037275102,1202700
1400000US06037275200,936500
1400000US06037275311,1009100
1400000US06037275312,912100
1400000US06037275313,1071500
1400000US06037275400,1087500
1400000US06037275500,782300
1400000US06037275603,933100
1400000US06037275604,1108900
1400000US06037275605,1519000
1400000US06037276000,1088200
1400000US06037276101,610500
1400000US06037276102,952800
1400000US06037276400,1295500
1400000US06037276500,1044500
1400000US06037276601,1542400
1400000US06037276605,706900
1400000US06037276606,666800
1400000US06037276607,1151400
1400000US06037276608,488700
1400000US06037277000,1326300
1400000US06037277100,988100
1400000US06037277200,450000
1400000US06037277400,NA
1400000US06037278001,942200
1400000US06037278102,1645900
1400000US06037291110,683900
1400000US06037291120,491800
1400000US06037291130,472600
1400000US06037291210,602200
1400000US06037291220,621500
1400000US06037291300,612600
1400000US06037292001,635700
1400000US06037292002,646600
1400000US06037293203,642600
1400000US06037293204,604900
1400000US06037293205,451000
1400000US06037293206,618200
1400000US06037293301,601900
1400000US06037293302,552400
1400000US06037293304,590300
1400000US06037293306,634200
1400000US06037293307,429000
1400000US06037294110,526400
1400000US06037294120,463000
1400000US06037294200,484000
1400000US06037294301,501800
1400000US06037294302,424900
1400000US06037294410,374600
1400000US06037294421,410200
1400000US06037294510,542800
1400000US06037294520,499500
1400000US06037294610,478700
1400000US06037294620,415200
1400000US06037294701,466700
1400000US06037294810,505000
1400000US06037294820,354500
1400000US06037294830,449300
1400000US06037294900,443500
1400000US06037295103,627300
1400000US06037296210,566300
1400000US06037296220,380600
1400000US06037296300,561300
1400000US06037296401,646900
1400000US06037296402,634700
1400000US06037296500,541300
1400000US06037296600,598800
1400000US06037296901,710100
1400000US06037296902,605300
1400000US06037297001,821700
1400000US06037297002,811900
1400000US06037297110,590600
1400000US06037297120,619800
1400000US06037297201,536700
1400000US06037297202,683700
1400000US06037297300,752200
1400000US06037297400,828700
1400000US06037297501,757000
1400000US06037297502,646000
1400000US06037297601,757400
1400000US06037297602,636000
1400000US06037300100,1091500
1400000US06037300200,901800
1400000US06037300301,854500
1400000US06037300400,758800
1400000US06037300501,739900
1400000US06037300503,738600
1400000US06037300601,568500
1400000US06037300602,921000
1400000US06037300701,1191300
1400000US06037300702,1167300
1400000US06037300800,948000
1400000US06037300901,1165500
1400000US06037300902,1068900
1400000US06037301000,973700
1400000US06037301100,921200
1400000US06037301203,581800
1400000US06037301204,570000
1400000US06037301205,908300
1400000US06037301206,881600
1400000US06037301300,1361100
1400000US06037301400,1099000
1400000US06037301501,907800
1400000US06037301502,631300
1400000US06037301601,804700
1400000US06037301602,795700
1400000US06037301701,745700
1400000US06037301702,622500
1400000US06037301801,547700
1400000US06037301802,569500
1400000US06037301901,583300
1400000US06037301902,733700
1400000US06037302002,557000
1400000US06037302003,547700
1400000US06037302004,482900
1400000US06037302102,801600
1400000US06037302103,852800
1400000US06037302104,674100
1400000US06037302201,589300
1400000US06037302202,533300
1400000US06037302301,484600
1400000US06037302302,827800
1400000US06037302401,589900
1400000US06037302503,635800
1400000US06037302504,462400
1400000US06037302505,705900
1400000US06037302506,753300
1400000US06037310100,1027600
1400000US06037310201,788400
1400000US06037310202,944400
1400000US06037310300,907300
1400000US06037310400,834900
1400000US06037310501,698900
1400000US06037310601,612900
1400000US06037310602,830800
1400000US06037310701,618600
1400000US06037310703,695000
1400000US06037310704,572000
1400000US06037310705,513900
1400000US06037310800,840200
1400000US06037310900,768700
1400000US06037311000,731800
1400000US06037311100,762000
1400000US06037311200,747700
1400000US06037311300,787200
1400000US06037311400,931300
1400000US06037311500,884900
1400000US06037311601,1469200
1400000US06037311602,783700
1400000US06037311700,911600
1400000US06037311801,769100
1400000US06037311802,821000
1400000US06037320101,481400
1400000US06037320102,569000
1400000US06037320201,441700
1400000US06037320202,555900
1400000US06037320300,513500
1400000US06037400205,1395100
1400000US06037400206,840500
1400000US06037400207,755000
1400000US06037400208,814100
1400000US06037400209,856100
1400000US06037400304,574100
1400000US06037400402,780100
1400000US06037400403,674500
1400000US06037400404,886500
1400000US06037400501,968500
1400000US06037400602,536600
1400000US06037400603,484300
1400000US06037400605,566300
1400000US06037400801,658900
1400000US06037401001,691300
1400000US06037401002,740200
1400000US06037401101,652400
1400000US06037401102,583500
1400000US06037401201,681500
1400000US06037401202,589200
1400000US06037401203,592700
1400000US06037401303,856000
1400000US06037401304,786100
1400000US06037401311,582500
1400000US06037401312,234900
1400000US06037401500,531600
1400000US06037401601,323600
1400000US06037401602,574500
1400000US06037401705,675900
1400000US06037401706,542100
1400000US06037401707,450900
1400000US06037401801,666000
1400000US06037401802,649200
1400000US06037401901,NA
1400000US06037401902,816400
1400000US06037402001,591400
1400000US06037402002,577300
1400000US06037402101,431400
1400000US06037402102,466100
1400000US06037402200,550000
1400000US06037402301,427700
1400000US06037402303,397600
1400000US06037402304,NA
1400000US06037402403,NA
1400000US06037402404,NA
1400000US06037402405,431800
1400000US06037402406,388900
1400000US06037402501,352700
1400000US06037402503,488400
1400000US06037402504,458000
1400000US06037402601,410800
1400000US06037402602,556200
1400000US06037402702,416500
1400000US06037402703,387100
1400000US06037402705,443200
1400000US06037402706,439200
1400000US06037402801,359800
1400000US06037402803,395500
1400000US06037402804,362700
1400000US06037402902,418200
1400000US06037402903,434700
1400000US06037402904,422500
1400000US06037403000,388100
1400000US06037403305,668000
1400000US06037403316,557300
1400000US06037403317,634100
1400000US06037403318,579800
1400000US06037403319,626900
1400000US06037403320,853300
1400000US06037403321,678500
1400000US06037403323,761100
1400000US06037403324,931000
1400000US06037403325,788600
1400000US06037403326,621100
1400000US06037403327,607300
1400000US06037403328,616200
1400000US06037403401,727800
1400000US06037403402,711500
1400000US06037403403,940000
1400000US06037403404,938400
1400000US06037403407,1192200
1400000US06037403408,749800
1400000US06037403409,778300
1400000US06037403500,1031500
1400000US06037403601,703600
1400000US06037403702,644000
1400000US06037403703,600900
1400000US06037403721,564800
1400000US06037403722,615300
1400000US06037403801,484700
1400000US06037403802,520200
1400000US06037403901,523400
1400000US06037403902,574000
1400000US06037404000,559700
1400000US06037404100,453500
1400000US06037404201,464700
1400000US06037404203,533100
1400000US06037404301,456500
1400000US06037404302,463600
1400000US06037404401,448100
1400000US06037404402,492900
1400000US06037404501,402300
1400000US06037404503,435500
1400000US06037404504,438400
1400000US06037404600,503900
1400000US06037404701,446600
1400000US06037404702,450200
1400000US06037404703,522400
1400000US06037404804,462500
1400000US06037404805,486100
1400000US06037404806,444100
1400000US06037404901,522000
1400000US06037404902,489800
1400000US06037404903,458900
1400000US06037405001,468400
1400000US06037405002,442300
1400000US06037405101,437300
1400000US06037405102,424700
1400000US06037405201,490800
1400000US06037405202,548200
1400000US06037405203,497900
1400000US06037405301,515800
1400000US06037405302,583000
1400000US06037405400,485300
1400000US06037405500,586400
1400000US06037405600,604900
1400000US06037405701,474200
1400000US06037405702,481400
1400000US06037405800,478600
1400000US06037405900,520800
1400000US06037406000,562600
1400000US06037406101,531700
1400000US06037406103,590100
1400000US06037406201,604200
1400000US06037406300,857800
1400000US06037406413,645900
1400000US06037406500,601000
1400000US06037406601,595700
1400000US06037406602,575600
1400000US06037406701,628000
1400000US06037406702,584800
1400000US06037406801,607600
1400000US06037406903,474000
1400000US06037407001,490700
1400000US06037407002,461500
1400000US06037407101,436600
1400000US06037407102,522300
1400000US06037407201,449100
1400000US06037407202,511600
1400000US06037407301,500900
1400000US06037407302,447100
1400000US06037407400,592800
1400000US06037407501,509400
1400000US06037407502,533900
1400000US06037407601,446600
1400000US06037407602,481600
1400000US06037407701,433700
1400000US06037407702,464400
1400000US06037407801,460300
1400000US06037407802,521000
1400000US06037407901,513900
1400000US06037407902,547400
1400000US06037408003,580000
1400000US06037408004,437000
1400000US06037408005,674100
1400000US06037408006,587100
1400000US06037408133,607300
1400000US06037408134,550500
1400000US06037408135,577900
1400000US06037408136,555800
1400000US06037408137,463300
1400000US06037408138,387500
1400000US06037408139,482000
1400000US06037408140,389200
1400000US06037408141,436600
1400000US06037408212,602700
1400000US06037408213,511500
1400000US06037408301,506500
1400000US06037408302,566800
1400000US06037408303,621400
1400000US06037408401,548600
1400000US06037408402,672500
1400000US06037408503,739000
1400000US06037408504,587400
1400000US06037408505,763500
1400000US06037408623,618900
1400000US06037408624,647500
1400000US06037408625,695300
1400000US06037408626,776500
1400000US06037408627,754600
1400000US06037408628,713800
1400000US06037408629,696700
1400000US06037408631,560800
1400000US06037408703,982700
1400000US06037408705,613500
1400000US06037408707,836500
1400000US06037408722,618800
1400000US06037408724,642200
1400000US06037408725,586600
1400000US06037408800,431500
1400000US06037408900,587300
1400000US06037409000,405900
1400000US06037409100,491000
1400000US06037430003,688400
1400000US06037430004,510800
1400000US06037430005,508100
1400000US06037430101,499200
1400000US06037430102,470400
1400000US06037430200,1500000
1400000US06037430301,927600
1400000US06037430302,813700
1400000US06037430400,1323700
1400000US06037430501,1054400
1400000US06037430502,1043400
1400000US06037430600,2000001
1400000US06037430701,1343800
1400000US06037430721,934300
1400000US06037430723,665900
1400000US06037430724,631800
1400000US06037430801,822600
1400000US06037430802,1231200
1400000US06037430803,1151300
1400000US06037430901,646600
1400000US06037430902,618900
1400000US06037431002,672900
1400000US06037431003,679800
1400000US06037431004,638500
1400000US06037431100,610300
1400000US06037431200,535800
1400000US06037431300,677500
1400000US06037431400,729900
1400000US06037431501,569000
1400000US06037431502,683800
1400000US06037431600,1211100
1400000US06037431701,1600400
1400000US06037431800,810100
1400000US06037431900,911700
1400000US06037432001,844800
1400000US06037432002,805700
1400000US06037432101,699000
1400000US06037432102,779000
1400000US06037432201,651800
1400000US06037432202,623100
1400000US06037432300,544500
1400000US06037432401,620900
1400000US06037432402,538600
1400000US06037432501,488600
1400000US06037432502,568500
1400000US06037432601,559400
1400000US06037432602,577600
1400000US06037432700,502200
1400000US06037432801,441400
1400000US06037432802,443400
1400000US06037432901,608100
1400000US06037432902,622400
1400000US06037433103,496900
1400000US06037433200,497000
1400000US06037433302,586400
1400000US06037433304,549600
1400000US06037433305,425000
1400000US06037433306,531100
1400000US06037433307,454600
1400000US06037433402,462500
1400000US06037433403,545500
1400000US06037433505,519900
1400000US06037433506,NA
1400000US06037433601,600200
1400000US06037433602,539400
1400000US06037433803,495400
1400000US06037433804,374300
1400000US06037433901,516100
1400000US06037433903,478200
1400000US06037434001,397200
1400000US06037434003,539300
1400000US06037434004,577400
1400000US06037434100,478500
1400000US06037460001,2000001
1400000US06037460002,927600
1400000US06037460101,1128100
1400000US06037460200,949500
1400000US06037460301,908900
1400000US06037460302,658900
1400000US06037460401,792300
1400000US06037460501,1701300
1400000US06037460502,1538400
1400000US06037460601,1551300
1400000US06037460700,2000001
1400000US06037460800,1961200
1400000US06037460900,682400
1400000US06037461000,685100
1400000US06037461100,824800
1400000US06037461200,992800
1400000US06037461300,835400
1400000US06037461400,705300
1400000US06037461501,714700
1400000US06037461502,660400
1400000US06037461600,676700
1400000US06037461700,946800
1400000US06037461901,691100
1400000US06037461902,820000
1400000US06037462001,705900
1400000US06037462002,701800
1400000US06037462100,814400
1400000US06037462201,899000
1400000US06037462202,607900
1400000US06037462301,690100
1400000US06037462302,609700
1400000US06037462400,903800
1400000US06037462500,886600
1400000US06037462600,970900
1400000US06037462700,775500
1400000US06037462800,941000
1400000US06037462900,778800
1400000US06037463000,1168100
1400000US06037463103,882600
1400000US06037463200,907000
1400000US06037463300,1016700
1400000US06037463400,924500
1400000US06037463500,634400
1400000US06037463601,622600
1400000US06037463602,519400
1400000US06037463700,1645600
1400000US06037463800,1218000
1400000US06037463900,1058400
1400000US06037464000,1136600
1400000US06037464101,2000001
1400000US06037464102,2000001
1400000US06037464200,1863700
1400000US06037480002,938500
1400000US06037480011,753900
1400000US06037480012,851900
1400000US06037480101,883100
1400000US06037480102,805400
1400000US06037480201,889900
1400000US06037480202,890500
1400000US06037480302,770500
1400000US06037480303,606400
1400000US06037480304,501800
1400000US06037480400,873100
1400000US06037480500,1431700
1400000US06037480601,1022300
1400000US06037480602,1161500
1400000US06037480702,1174300
1400000US06037480703,1125600
1400000US06037480704,926000
1400000US06037480802,625700
1400000US06037480803,654500
1400000US06037480804,620500
1400000US06037480901,616900
1400000US06037480902,535100
1400000US06037480903,661200
1400000US06037481001,650500
1400000US06037481002,624600
1400000US06037481101,675000
1400000US06037481102,583700
1400000US06037481103,768300
1400000US06037481201,667800
1400000US06037481203,678700
1400000US06037481300,641200
1400000US06037481401,655900
1400000US06037481403,752900
1400000US06037481404,748300
1400000US06037481500,655700
1400000US06037481603,685500
1400000US06037481604,579600
1400000US06037481605,576400
1400000US06037481606,642500
1400000US06037481711,534800
1400000US06037481712,665900
1400000US06037481713,624500
1400000US06037481714,508000
1400000US06037481800,666900
1400000US06037481901,667600
1400000US06037481902,659800
1400000US06037482001,735700
1400000US06037482002,806300
1400000US06037482101,675100
1400000US06037482102,789300
1400000US06037482201,660200
1400000US06037482202,607000
1400000US06037482301,711800
1400000US06037482303,630000
1400000US06037482304,605400
1400000US06037482401,680300
1400000US06037482403,555900
1400000US06037482404,511000
1400000US06037482502,612800
1400000US06037482503,617700
1400000US06037482521,538700
1400000US06037482522,428500
1400000US06037482600,672500
1400000US06037482701,622600
1400000US06037482702,624700
1400000US06037482801,625400
1400000US06037500100,936600
1400000US06037500202,1011200
1400000US06037500203,705600
1400000US06037500204,896200
1400000US06037500300,688800
1400000US06037500402,519600
1400000US06037500403,469700
1400000US06037500404,490800
1400000US06037500500,379000
1400000US06037500600,457200
1400000US06037500700,483900
1400000US06037500800,498000
1400000US06037500900,496900
1400000US06037501001,480500
1400000US06037501002,524400
1400000US06037501200,577200
1400000US06037501301,614100
1400000US06037501302,625200
1400000US06037501400,588500
1400000US06037501501,694900
1400000US06037501503,625800
1400000US06037501504,497300
1400000US06037501600,802200
1400000US06037501700,634300
1400000US06037501802,625500
1400000US06037501803,595900
1400000US06037501804,445600
1400000US06037501900,567400
1400000US06037502003,483300
1400000US06037502004,490400
1400000US06037502005,549100
1400000US06037502100,486000
1400000US06037502200,498100
1400000US06037502303,513000
1400000US06037502401,522700
1400000US06037502402,506900
1400000US06037502500,483000
1400000US06037502602,543100
1400000US06037502603,549200
1400000US06037502604,552800
1400000US06037502700,471800
1400000US06037502801,520500
1400000US06037502901,519600
1400000US06037503000,528300
1400000US06037503103,478700
1400000US06037503104,468000
1400000US06037503105,536700
1400000US06037503106,575500
1400000US06037503201,600300
1400000US06037503202,546800
1400000US06037503301,600500
1400000US06037503302,584300
1400000US06037503401,607500
1400000US06037503402,621600
1400000US06037503501,577900
1400000US06037503502,564200
1400000US06037503601,614400
1400000US06037503602,816100
1400000US06037503701,625800
1400000US06037503702,626300
1400000US06037503704,663000
1400000US06037503705,717600
1400000US06037503801,621900
1400000US06037503802,616300
1400000US06037503901,624700
1400000US06037503902,615800
1400000US06037504001,608800
1400000US06037504002,625900
1400000US06037504101,505200
1400000US06037504200,563900
1400000US06037530005,698200
1400000US06037530006,509500
1400000US06037530007,640700
1400000US06037530101,467500
1400000US06037530102,567500
1400000US06037530202,586400
1400000US06037530203,583900
1400000US06037530204,478800
1400000US06037530301,426000
1400000US06037530302,478300
1400000US06037530400,554200
1400000US06037530500,461400
1400000US06037530603,492700
1400000US06037530700,487200
1400000US06037530801,476600
1400000US06037530802,487200
1400000US06037530901,485700
1400000US06037530902,474300
1400000US06037531000,464100
1400000US06037531101,512700
1400000US06037531102,532600
1400000US06037531201,483300
1400000US06037531202,501000
1400000US06037531301,443900
1400000US06037531302,497400
1400000US06037531502,471700
1400000US06037531503,492900
1400000US06037531504,575400
1400000US06037531602,451700
1400000US06037531603,448500
1400000US06037531604,462300
1400000US06037531701,478100
1400000US06037531702,491100
1400000US06037531800,511100
1400000US06037531901,451000
1400000US06037531902,438600
1400000US06037532001,484600
1400000US06037532002,445000
1400000US06037532101,485700
1400000US06037532102,515300
1400000US06037532200,503900
1400000US06037532302,418900
1400000US06037532303,475700
1400000US06037532304,507300
1400000US06037532500,399700
1400000US06037532605,393700
1400000US06037532606,458300
1400000US06037532607,469200
1400000US06037532700,299100
1400000US06037532800,420200
1400000US06037532900,373300
1400000US06037533001,453600
1400000US06037533002,408000
1400000US06037533103,422400
1400000US06037533104,480000
1400000US06037533105,528200
1400000US06037533108,473700
1400000US06037533201,425500
1400000US06037533204,454700
1400000US06037533300,552600
1400000US06037533401,403800
1400000US06037533402,461500
1400000US06037533403,593800
1400000US06037533501,459900
1400000US06037533504,456800
1400000US06037533601,585500
1400000US06037533602,462900
1400000US06037533603,486700
1400000US06037533701,360600
1400000US06037533702,466000
1400000US06037533703,575300
1400000US06037533803,485200
1400000US06037533804,419800
1400000US06037533805,453300
1400000US06037533806,NA
1400000US06037533901,452300
1400000US06037533902,463100
1400000US06037534001,425600
1400000US06037534002,417000
1400000US06037534101,383100
1400000US06037534102,472200
1400000US06037534201,NA
1400000US06037534202,NA
1400000US06037534203,372700
1400000US06037534301,441400
1400000US06037534302,472600
1400000US06037534403,464300
1400000US06037534404,425600
1400000US06037534405,NA
1400000US06037534406,416100
1400000US06037534501,446300
1400000US06037534502,459500
1400000US06037534700,466900
1400000US06037534802,467600
1400000US06037534803,422300
1400000US06037534804,470500
1400000US06037534900,460300
1400000US06037535001,457900
1400000US06037535002,444000
1400000US06037535101,393300
1400000US06037535102,448300
1400000US06037535200,418100
1400000US06037535300,421500
1400000US06037535400,343000
1400000US06037535501,602800
1400000US06037535502,574600
1400000US06037535503,474500
1400000US06037535603,456800
1400000US06037535604,472800
1400000US06037535605,524800
1400000US06037535606,454500
1400000US06037535607,456400
1400000US06037535701,460600
1400000US06037535702,464600
1400000US06037535802,456500
1400000US06037535803,481400
1400000US06037535804,490200
1400000US06037535901,481500
1400000US06037535902,476900
1400000US06037536000,458300
1400000US06037536102,382100
1400000US06037536103,442700
1400000US06037536104,482500
1400000US06037536201,489800
1400000US06037536202,483900
1400000US06037540000,457600
1400000US06037540101,438000
1400000US06037540102,450300
1400000US06037540201,378000
1400000US06037540202,464900
1400000US06037540203,421000
1400000US06037540300,391100
1400000US06037540400,362700
1400000US06037540501,457900
1400000US06037540502,550200
1400000US06037540600,359700
1400000US06037540700,439500
1400000US06037540800,452200
1400000US06037540901,412800
1400000US06037540902,452200
1400000US06037541003,459000
1400000US06037541100,434000
1400000US06037541200,459900
1400000US06037541300,427100
1400000US06037541401,338900
1400000US06037541402,355000
1400000US06037541500,415700
1400000US06037541603,365000
1400000US06037541604,421900
1400000US06037541605,377900
1400000US06037541606,465000
1400000US06037541700,463300
1400000US06037541801,444900
1400000US06037541802,456400
1400000US06037542000,435600
1400000US06037542103,371200
1400000US06037542104,406800
1400000US06037542105,4.00E+05
1400000US06037542106,417500
1400000US06037542200,386700
1400000US06037542401,444600
1400000US06037542402,428100
1400000US06037542501,478900
1400000US06037542502,445400
1400000US06037542601,436300
1400000US06037542602,418100
1400000US06037542700,416000
1400000US06037542800,381900
1400000US06037542900,397200
1400000US06037543000,423100
1400000US06037543100,448200
1400000US06037543201,444900
1400000US06037543203,373800
1400000US06037543304,603600
1400000US06037543305,136800
1400000US06037543306,460300
1400000US06037543321,570300
1400000US06037543322,617100
1400000US06037543400,540500
1400000US06037543501,465700
1400000US06037543502,550100
1400000US06037543503,579800
1400000US06037543601,538000
1400000US06037543603,520400
1400000US06037543605,444200
1400000US06037543606,494800
1400000US06037543607,596000
1400000US06037543701,551300
1400000US06037543703,578200
1400000US06037543704,535500
1400000US06037543705,511700
1400000US06037543801,435400
1400000US06037543803,492000
1400000US06037543804,574700
1400000US06037543903,498900
1400000US06037543905,411300
1400000US06037544001,465400
1400000US06037544002,543800
1400000US06037550101,494900
1400000US06037550201,569300
1400000US06037550202,465300
1400000US06037550301,468100
1400000US06037550501,593100
1400000US06037550502,817000
1400000US06037550601,616100
1400000US06037550602,663700
1400000US06037550700,622600
1400000US06037550801,648800
1400000US06037550802,654200
1400000US06037550901,689100
1400000US06037550902,692700
1400000US06037551001,643100
1400000US06037551002,650200
1400000US06037551101,399100
1400000US06037551102,605200
1400000US06037551201,627800
1400000US06037551203,590800
1400000US06037551204,610000
1400000US06037551300,382100
1400000US06037551401,585000
1400000US06037551402,623800
1400000US06037551501,533900
1400000US06037551502,638900
1400000US06037551700,584200
1400000US06037551801,497300
1400000US06037551802,495600
1400000US06037551900,503100
1400000US06037552001,485700
1400000US06037552002,451000
1400000US06037552100,478000
1400000US06037552200,465200
1400000US06037552301,451900
1400000US06037552302,561300
1400000US06037552400,471500
1400000US06037552601,457500
1400000US06037552602,540700
1400000US06037552700,524000
1400000US06037552800,539500
1400000US06037552900,490000
1400000US06037553000,503400
1400000US06037553100,606900
1400000US06037553201,563300
1400000US06037553202,548600
1400000US06037553300,499400
1400000US06037553400,467500
1400000US06037553502,334500
1400000US06037553503,423600
1400000US06037553504,428700
1400000US06037553601,471300
1400000US06037553602,429200
1400000US06037553701,334000
1400000US06037553702,421900
1400000US06037553801,441000
1400000US06037553802,NA
1400000US06037553901,485000
1400000US06037553902,264000
1400000US06037554001,585600
1400000US06037554002,542900
1400000US06037554101,461700
1400000US06037554105,NA
1400000US06037554106,591000
1400000US06037554201,496200
1400000US06037554203,555300
1400000US06037554204,459000
1400000US06037554301,494100
1400000US06037554302,NA
1400000US06037554403,398800
1400000US06037554404,438100
1400000US06037554405,505600
1400000US06037554406,621200
1400000US06037554511,775900
1400000US06037554512,817600
1400000US06037554513,681000
1400000US06037554514,632600
1400000US06037554515,672600
1400000US06037554516,838600
1400000US06037554517,793200
1400000US06037554518,782500
1400000US06037554519,844200
1400000US06037554521,753800
1400000US06037554522,707900
1400000US06037554600,497000
1400000US06037554700,476100
1400000US06037554801,539900
1400000US06037554802,726200
1400000US06037554900,616800
1400000US06037555001,586800
1400000US06037555002,596500
1400000US06037555105,474700
1400000US06037555106,471100
1400000US06037555107,552300
1400000US06037555202,761300
1400000US06037555211,449800
1400000US06037555212,380900
1400000US06037555300,465700
1400000US06037570001,651800
1400000US06037570002,627100
1400000US06037570003,607000
1400000US06037570100,580500
1400000US06037570202,455000
1400000US06037570203,490500
1400000US06037570204,567400
1400000US06037570303,438500
1400000US06037570304,423800
1400000US06037570305,95200
1400000US06037570306,458200
1400000US06037570402,470200
1400000US06037570403,446000
1400000US06037570404,465100
1400000US06037570502,508000
1400000US06037570503,545500
1400000US06037570504,487500
1400000US06037570601,453800
1400000US06037570602,496500
1400000US06037570603,NA
1400000US06037570701,626900
1400000US06037570703,600800
1400000US06037570800,616200
1400000US06037570901,640500
1400000US06037570902,629900
1400000US06037571000,635500
1400000US06037571101,624300
1400000US06037571102,649500
1400000US06037571201,824000
1400000US06037571202,663100
1400000US06037571300,678000
1400000US06037571400,613800
1400000US06037571502,590200
1400000US06037571504,623700
1400000US06037571505,572000
1400000US06037571600,312500
1400000US06037571701,476900
1400000US06037571703,404000
1400000US06037571704,452100
1400000US06037571800,962000
1400000US06037571900,785400
1400000US06037572001,696300
1400000US06037572201,594800
1400000US06037572202,622200
1400000US06037572301,455100
1400000US06037572500,297500
1400000US06037572600,431900
1400000US06037572700,483800
1400000US06037573002,394400
1400000US06037573003,597000
1400000US06037573004,592200
1400000US06037573101,589100
1400000US06037573102,616400
1400000US06037573201,451500
1400000US06037573202,491800
1400000US06037573300,471300
1400000US06037573401,674400
1400000US06037573402,521900
1400000US06037573403,544900
1400000US06037573601,664000
1400000US06037573700,673100
1400000US06037573800,694600
1400000US06037573902,813300
1400000US06037574000,780100
1400000US06037574100,673200
1400000US06037574201,663500
1400000US06037574202,638400
1400000US06037574300,720800
1400000US06037574400,692600
1400000US06037574500,744400
1400000US06037574602,916700
1400000US06037574800,969400
1400000US06037574901,711200
1400000US06037574902,590900
1400000US06037575001,626700
1400000US06037575002,622600
1400000US06037575101,446300
1400000US06037575102,485600
1400000US06037575103,412500
1400000US06037575201,431500
1400000US06037575202,450600
1400000US06037575300,509400
1400000US06037575401,NA
1400000US06037575402,276300
1400000US06037575801,406300
1400000US06037575802,450000
1400000US06037575803,333000
1400000US06037575901,341200
1400000US06037575902,400300
1400000US06037576001,450800
1400000US06037576200,541900
1400000US06037576301,474400
1400000US06037576302,462500
1400000US06037576401,432600
1400000US06037576402,483800
1400000US06037576403,416200
1400000US06037576501,456300
1400000US06037576502,405700
1400000US06037576503,540300
1400000US06037576601,656700
1400000US06037576602,762200
1400000US06037576700,667900
1400000US06037576801,489600
1400000US06037576802,708000
1400000US06037576901,553200
1400000US06037576903,427400
1400000US06037576904,671600
1400000US06037577000,597200
1400000US06037577100,709200
1400000US06037577200,779300
1400000US06037577300,1005400
1400000US06037577400,1067900
1400000US06037577501,1215300
1400000US06037577504,1760200
1400000US06037577602,695500
1400000US06037577604,650400
1400000US06037577605,1117000
1400000US06037577606,924800
1400000US06037577700,503000
1400000US06037577800,535500
1400000US06037577900,459900
1400000US06037578000,446600
1400000US06037578100,NA
1400000US06037599000,884600
1400000US06037599100,NA
1400000US06037600100,533100
1400000US06037600201,631300
1400000US06037600202,438700
1400000US06037600302,508200
1400000US06037600303,423700
1400000US06037600304,419800
1400000US06037600400,593000
1400000US06037600501,633300
1400000US06037600601,638400
1400000US06037600602,532900
1400000US06037600702,675600
1400000US06037600703,548300
1400000US06037600704,688100
1400000US06037600801,650800
1400000US06037600802,647600
1400000US06037600902,614900
1400000US06037600911,622100
1400000US06037600912,572400
1400000US06037601001,753900
1400000US06037601002,461300
1400000US06037601100,508800
1400000US06037601202,579000
1400000US06037601211,576700
1400000US06037601212,464800
1400000US06037601301,761100
1400000US06037601302,464100
1400000US06037601303,472800
1400000US06037601401,495500
1400000US06037601402,586100
1400000US06037601501,489100
1400000US06037601502,583700
1400000US06037601600,563000
1400000US06037601700,474800
1400000US06037601801,623100
1400000US06037601802,578700
1400000US06037601900,607700
1400000US06037602002,598800
1400000US06037602003,539600
1400000US06037602103,587000
1400000US06037602104,574400
1400000US06037602105,576000
1400000US06037602106,583300
1400000US06037602201,857400
1400000US06037602202,634600
1400000US06037602301,696300
1400000US06037602302,898400
1400000US06037602402,665600
1400000US06037602403,580500
1400000US06037602404,708100
1400000US06037602504,618000
1400000US06037602505,574200
1400000US06037602506,496200
1400000US06037602507,451200
1400000US06037602510,480000
1400000US06037602511,711700
1400000US06037602512,590300
1400000US06037602513,635900
1400000US06037602601,558100
1400000US06037602602,578000
1400000US06037602700,613200
1400000US06037602801,446400
1400000US06037602802,537000
1400000US06037602900,443800
1400000US06037603004,369000
1400000US06037603005,433900
1400000US06037603006,576200
1400000US06037603007,609600
1400000US06037603008,516400
1400000US06037603101,561800
1400000US06037603102,521200
1400000US06037603200,575800
1400000US06037603301,643500
1400000US06037603302,602300
1400000US06037603400,576200
1400000US06037603500,580900
1400000US06037603600,601200
1400000US06037603702,630900
1400000US06037603703,632200
1400000US06037603705,351800
1400000US06037603706,NA
1400000US06037603801,654800
1400000US06037603802,588000
1400000US06037603901,502900
1400000US06037603902,565600
1400000US06037604001,543700
1400000US06037604002,634600
1400000US06037604101,633500
1400000US06037604102,608100
1400000US06037604200,584300
1400000US06037609900,650700
1400000US06037620001,1401100
1400000US06037620002,1127400
1400000US06037620101,1133700
1400000US06037620102,1532100
1400000US06037620201,1762200
1400000US06037620301,2000001
1400000US06037620303,2000001
1400000US06037620305,2000001
1400000US06037620400,1584800
1400000US06037620501,1083800
1400000US06037620521,916400
1400000US06037620522,1004400
1400000US06037620601,872100
1400000US06037620602,877500
1400000US06037620701,1036000
1400000US06037620703,1140500
1400000US06037620704,1053600
1400000US06037620801,1915500
1400000US06037620802,2000001
1400000US06037620901,2000001
1400000US06037620904,2000001
1400000US06037621001,1565600
1400000US06037621005,2000001
1400000US06037621102,1239100
1400000US06037621104,1693000
1400000US06037621201,981200
1400000US06037621204,888000
1400000US06037621301,1138200
1400000US06037621324,977200
1400000US06037621326,1904400
1400000US06037621400,1237100
1400000US06037650001,714100
1400000US06037650003,781400
1400000US06037650004,677000
1400000US06037650101,771900
1400000US06037650102,687900
1400000US06037650200,690500
1400000US06037650300,683500
1400000US06037650401,859200
1400000US06037650501,922500
1400000US06037650502,941500
1400000US06037650603,1051500
1400000US06037650604,694600
1400000US06037650605,846100
1400000US06037650606,760000
1400000US06037650607,854200
1400000US06037650701,859200
1400000US06037650702,884100
1400000US06037650801,692100
1400000US06037650802,585100
1400000US06037650901,721900
1400000US06037650903,695100
1400000US06037650904,709900
1400000US06037651001,815300
1400000US06037651002,870300
1400000US06037651101,938900
1400000US06037651102,702900
1400000US06037651201,994100
1400000US06037651221,917600
1400000US06037651222,899700
1400000US06037651302,1304200
1400000US06037651304,1341300
1400000US06037651401,849000
1400000US06037651402,912400
1400000US06037670001,656900
1400000US06037670002,659400
1400000US06037670003,640300
1400000US06037670101,694700
1400000US06037670102,474200
1400000US06037670201,1607500
1400000US06037670202,1516400
1400000US06037670324,1762600
1400000US06037670326,2000001
1400000US06037670328,2000001
1400000US06037670405,1127200
1400000US06037670406,1730400
1400000US06037670407,939500
1400000US06037670413,1270700
1400000US06037670416,1775800
1400000US06037670417,1211200
1400000US06037670418,1244200
1400000US06037670500,2000001
1400000US06037670603,2000001
1400000US06037670604,1326000
1400000US06037670701,896700
1400000US06037670702,1497600
1400000US06037700101,1537200
1400000US06037700102,1166700
1400000US06037700200,845500
1400000US06037700300,683000
1400000US06037700400,1355600
1400000US06037700501,959100
1400000US06037700502,658400
1400000US06037700600,2000001
1400000US06037700700,2000001
1400000US06037700801,1342200
1400000US06037700802,1625000
1400000US06037700901,2000001
1400000US06037700902,2000001
1400000US06037701000,2000001
1400000US06037701201,2000001
1400000US06037701202,1578400
1400000US06037701302,909700
1400000US06037701304,2000001
1400000US06037701402,1719400
1400000US06037701501,1129000
1400000US06037701502,900200
1400000US06037701601,2000001
1400000US06037701602,960600
1400000US06037701701,834400
1400000US06037701702,1004000
1400000US06037701801,819300
1400000US06037701802,1097700
1400000US06037701902,2000001
1400000US06037702002,1050300
1400000US06037702102,1371800
1400000US06037702201,1156000
1400000US06037702202,1678300
1400000US06037702300,1666200
1400000US06037702400,1211100
1400000US06037702501,1392600
1400000US06037702502,564300
1400000US06037702600,1059700
1400000US06037702700,1199700
1400000US06037702801,1090700
1400000US06037702802,1112300
1400000US06037702803,1239000
1400000US06037702900,684600
1400000US06037703002,1173200
1400000US06037703003,558600
1400000US06037703100,864700
1400000US06037703200,878400
1400000US06037800101,1134000
1400000US06037800103,1052400
1400000US06037800104,1429200
1400000US06037800202,1561400
1400000US06037800204,1333300
1400000US06037800205,754200
1400000US06037800206,2000001
1400000US06037800324,757800
1400000US06037800325,1058100
1400000US06037800328,1171900
1400000US06037800333,471200
1400000US06037800334,826100
1400000US06037800335,1158200
1400000US06037800336,992300
1400000US06037800337,805900
1400000US06037800338,1158600
1400000US06037800406,2000001
1400000US06037800410,1532900
1400000US06037800411,2000001
1400000US06037800412,1808300
1400000US06037800504,2000001
1400000US06037800506,2.00E+06
1400000US06037900102,209800
1400000US06037900103,227800
1400000US06037900104,201400
1400000US06037900301,270200
1400000US06037900501,241400
1400000US06037900504,297900
1400000US06037900505,300300
1400000US06037900506,272700
1400000US06037900508,306500
1400000US06037900509,105700
1400000US06037900510,248000
1400000US06037900602,45600
1400000US06037900606,229500
1400000US06037900607,236300
1400000US06037900608,279500
1400000US06037900609,255500
1400000US06037900610,55400
1400000US06037900611,242800
1400000US06037900701,236100
1400000US06037900703,219800
1400000US06037900704,NA
1400000US06037900705,296500
1400000US06037900804,218500
1400000US06037900805,254300
1400000US06037900806,191200
1400000US06037900807,325000
1400000US06037900808,263600
1400000US06037900901,303100
1400000US06037900902,347900
1400000US06037901003,NA
1400000US06037901007,371200
1400000US06037901008,308700
1400000US06037901009,376500
1400000US06037901010,351100
1400000US06037901011,327100
1400000US06037901012,421700
1400000US06037901013,391500
1400000US06037901014,353700
1400000US06037901101,361700
1400000US06037901102,355800
1400000US06037901209,299400
1400000US06037901210,315800
1400000US06037901214,363600
1400000US06037901215,439900
1400000US06037901216,455500
1400000US06037901217,523800
1400000US06037901218,556900
1400000US06037901300,279300
1400000US06037910002,251900
1400000US06037910210,429000
1400000US06037910211,660000
1400000US06037910212,493400
1400000US06037910213,506300
1400000US06037910214,389100
1400000US06037910215,336700
1400000US06037910216,406900
1400000US06037910217,423900
1400000US06037910218,331400
1400000US06037910301,420700
1400000US06037910302,363900
1400000US06037910401,353800
1400000US06037910404,303800
1400000US06037910405,250800
1400000US06037910501,187500
1400000US06037910502,259400
1400000US06037910504,263500
1400000US06037910505,286600
1400000US06037910601,238000
1400000US06037910602,NA
1400000US06037910605,236400
1400000US06037910606,277900
1400000US06037910607,323000
1400000US06037910608,293300
1400000US06037910706,338600
1400000US06037910707,328400
1400000US06037910709,415400
1400000US06037910712,330200
1400000US06037910713,306300
1400000US06037910714,283500
1400000US06037910715,272000
1400000US06037910716,317100
1400000US06037910717,340400
1400000US06037910718,340500
1400000US06037910719,335800
1400000US06037910720,263700
1400000US06037910721,340200
1400000US06037910804,626000
1400000US06037910807,580100
1400000US06037910808,579200
1400000US06037910809,1068300
1400000US06037910810,648800
1400000US06037910814,634400
1400000US06037910815,540500
1400000US06037911001,292900
1400000US06037911100,278400
1400000US06037920013,576500
1400000US06037920015,666300
1400000US06037920016,750500
1400000US06037920017,583300
1400000US06037920018,603100
1400000US06037920020,588600
1400000US06037920028,567800
1400000US06037920029,376200
1400000US06037920030,573900
1400000US06037920031,399500
1400000US06037920034,572500
1400000US06037920035,412500
1400000US06037920038,3.00E+05
1400000US06037920039,635100
1400000US06037920040,579000
1400000US06037920041,467300
1400000US06037920042,442100
1400000US06037920043,702600
1400000US06037920044,576900
1400000US06037920045,612700
1400000US06037920046,324500
1400000US06037920047,64300
1400000US06037920048,459800
1400000US06037920049,672000
1400000US06037920050,296700
1400000US06037920102,457400
1400000US06037920104,634200
1400000US06037920106,410500
1400000US06037920109,611700
1400000US06037920110,792700
1400000US06037920111,582200
1400000US06037920112,639200
1400000US06037920114,616400
1400000US06037920115,637700
1400000US06037920116,581000
1400000US06037920118,623600
1400000US06037920119,687500
1400000US06037920120,764400
1400000US06037920121,669700
1400000US06037920200,NA
1400000US06037920303,842400
1400000US06037920312,753200
1400000US06037920313,666400
1400000US06037920314,637000
1400000US06037920322,633100
1400000US06037920326,753300
1400000US06037920328,967900
1400000US06037920329,574000
1400000US06037920330,626600
1400000US06037920331,584500
1400000US06037920332,620000
1400000US06037920334,513800
1400000US06037920338,836500
1400000US06037920339,926400
1400000US06037920340,569300
1400000US06037920341,540300
1400000US06037920342,480800
1400000US06037920343,356000
1400000US06037930400,487100
1400000US06037980001,NA
1400000US06037980002,NA
1400000US06037980003,NA
1400000US06037980004,NA
1400000US06037980005,NA
1400000US06037980006,NA
1400000US06037980007,NA
1400000US06037980008,NA
1400000US06037980009,NA
1400000US06037980010,NA
1400000US06037980011,NA
1400000US06037980012,NA
1400000US06037980013,NA
1400000US06037980014,NA
1400000US06037980015,NA
1400000US06037980016,NA
1400000US06037980017,NA
1400000US06037980018,NA
1400000US06037980019,1041700
1400000US06037980020,NA
1400000US06037980021,NA
1400000US06037980022,NA
1400000US06037980023,NA
1400000US06037980024,725000
1400000US06037980025,NA
1400000US06037980026,NA
1400000US06037980028,NA
1400000US06037980030,NA
1400000US06037980031,NA
1400000US06037980033,NA
1400000US06037980034,NA
1400000US06037980035,NA
1400000US06037980036,NA
1400000US06037980037,NA
1400000US06037980038,NA
1400000US06037980039,NA
1400000US06037990100,NA
1400000US06037990200,NA
1400000US06037990300,NA
