<metadata xml:lang="en"><Esri><CreaDate>20241011</CreaDate><CreaTime>14145100</CreaTime><ArcGISFormat>1.0</ArcGISFormat><SyncOnce>FALSE</SyncOnce><DataProperties><itemProps><itemName Sync="TRUE">LA_County_Parks</itemName><imsContentType Sync="TRUE">002</imsContentType><itemLocation><linkage Sync="TRUE">file://\\DESKTOP-23KD5PG\D$\datascience\data\LA_County_Parks\LA_County_Parks.shp</linkage><protocol Sync="TRUE">Local Area Network</protocol></itemLocation><itemSize Sync="TRUE">0.000</itemSize></itemProps><coordRef><type Sync="TRUE">Projected</type><geogcsn Sync="TRUE">GCS_WGS_1984</geogcsn><csUnits Sync="TRUE">Linear Unit: Meter (1.000000)</csUnits><projcsn Sync="TRUE">WGS_1984_Web_Mercator_Auxiliary_Sphere</projcsn><peXml Sync="TRUE">&lt;ProjectedCoordinateSystem xsi:type='typens:ProjectedCoordinateSystem' xmlns:xsi='http://www.w3.org/2001/XMLSchema-instance' xmlns:xs='http://www.w3.org/2001/XMLSchema' xmlns:typens='http://www.esri.com/schemas/ArcGIS/3.3.0'&gt;&lt;WKT&gt;PROJCS[&amp;quot;WGS_1984_Web_Mercator_Auxiliary_Sphere&amp;quot;,GEOGCS[&amp;quot;GCS_WGS_1984&amp;quot;,DATUM[&amp;quot;D_WGS_1984&amp;quot;,SPHEROID[&amp;quot;WGS_1984&amp;quot;,6378137.0,298.257223563]],PRIMEM[&amp;quot;Greenwich&amp;quot;,0.0],UNIT[&amp;quot;Degree&amp;quot;,0.0174532925199433]],PROJECTION[&amp;quot;Mercator_Auxiliary_Sphere&amp;quot;],PARAMETER[&amp;quot;False_Easting&amp;quot;,0.0],PARAMETER[&amp;quot;False_Northing&amp;quot;,0.0],PARAMETER[&amp;quot;Central_Meridian&amp;quot;,0.0],PARAMETER[&amp;quot;Standard_Parallel_1&amp;quot;,0.0],PARAMETER[&amp;quot;Auxiliary_Sphere_Type&amp;quot;,0.0],UNIT[&amp;quot;Meter&amp;quot;,1.0],AUTHORITY[&amp;quot;EPSG&amp;quot;,3857]]&lt;/WKT&gt;&lt;XOrigin&gt;-20037700&lt;/XOrigin&gt;&lt;YOrigin&gt;-30241100&lt;/YOrigin&gt;&lt;XYScale&gt;148923141.92838538&lt;/XYScale&gt;&lt;ZOrigin&gt;-100000&lt;/ZOrigin&gt;&lt;ZScale&gt;10000&lt;/ZScale&gt;&lt;MOrigin&gt;-100000&lt;/MOrigin&gt;&lt;MScale&gt;10000&lt;/MScale&gt;&lt;XYTolerance&gt;0.001&lt;/XYTolerance&gt;&lt;ZTolerance&gt;0.001&lt;/ZTolerance&gt;&lt;MTolerance&gt;0.001&lt;/MTolerance&gt;&lt;HighPrecision&gt;true&lt;/HighPrecision&gt;&lt;WKID&gt;102100&lt;/WKID&gt;&lt;LatestWKID&gt;3857&lt;/LatestWKID&gt;&lt;/ProjectedCoordinateSystem&gt;</peXml></coordRef><lineage><Process ToolSource="c:\program files\arcgis\pro\Resources\ArcToolbox\toolboxes\Analysis Tools.tbx\Clip" Date="20241011" Time="141528">Clip CPAD_2021a_Holdings LA_County_Buffer C:\ArcGISPro\Projects\MyProject5\MyProject5.gdb\LA_Couny_Parks #</Process><Process ToolSource="c:\program files\arcgis\pro\Resources\ArcToolbox\toolboxes\Conversion Tools.tbx\ExportFeatures" Date="20241014" Time="111211">ExportFeatures LA_Couny_Parks D:\datascience\data\LA_County_Parks\LA_County_Parks.shp # NOT_USE_ALIAS "HOLDING_ID "HOLDING_ID" true true false 4 Long 0 0,First,#,LA_Couny_Parks,HOLDING_ID,-1,-1;ACCESS_TYP "ACCESS_TYP" true true false 20 Text 0 0,First,#,LA_Couny_Parks,ACCESS_TYP,0,19;UNIT_ID "UNIT_ID" true true false 4 Long 0 0,First,#,LA_Couny_Parks,UNIT_ID,-1,-1;UNIT_NAME "UNIT_NAME" true true false 80 Text 0 0,First,#,LA_Couny_Parks,UNIT_NAME,0,79;SUID_NMA "SUID_NMA" true true false 4 Long 0 0,First,#,LA_Couny_Parks,SUID_NMA,-1,-1;AGNCY_ID "AGNCY_ID" true true false 4 Long 0 0,First,#,LA_Couny_Parks,AGNCY_ID,-1,-1;AGNCY_NAME "AGNCY_NAME" true true false 100 Text 0 0,First,#,LA_Couny_Parks,AGNCY_NAME,0,99;AGNCY_LEV "AGNCY_LEV" true true false 50 Text 0 0,First,#,LA_Couny_Parks,AGNCY_LEV,0,49;AGNCY_TYP "AGNCY_TYP" true true false 50 Text 0 0,First,#,LA_Couny_Parks,AGNCY_TYP,0,49;AGNCY_WEB "AGNCY_WEB" true true false 254 Text 0 0,First,#,LA_Couny_Parks,AGNCY_WEB,0,253;LAYER "LAYER" true true false 50 Text 0 0,First,#,LA_Couny_Parks,LAYER,0,49;MNG_AG_ID "MNG_AG_ID" true true false 4 Long 0 0,First,#,LA_Couny_Parks,MNG_AG_ID,-1,-1;MNG_AGNCY "MNG_AGNCY" true true false 100 Text 0 0,First,#,LA_Couny_Parks,MNG_AGNCY,0,99;MNG_AG_LEV "MNG_AG_LEV" true true false 50 Text 0 0,First,#,LA_Couny_Parks,MNG_AG_LEV,0,49;MNG_AG_TYP "MNG_AG_TYP" true true false 50 Text 0 0,First,#,LA_Couny_Parks,MNG_AG_TYP,0,49;SITE_NAME "SITE_NAME" true true false 100 Text 0 0,First,#,LA_Couny_Parks,SITE_NAME,0,99;ALT_SITE_N "ALT_SITE_N" true true false 100 Text 0 0,First,#,LA_Couny_Parks,ALT_SITE_N,0,99;PARK_URL "PARK_URL" true true false 231 Text 0 0,First,#,LA_Couny_Parks,PARK_URL,0,230;LAND_WATER "LAND_WATER" true true false 10 Text 0 0,First,#,LA_Couny_Parks,LAND_WATER,0,9;SPEC_USE "SPEC_USE" true true false 50 Text 0 0,First,#,LA_Couny_Parks,SPEC_USE,0,49;CITY "CITY" true true false 100 Text 0 0,First,#,LA_Couny_Parks,CITY,0,99;COUNTY "COUNTY" true true false 80 Text 0 0,First,#,LA_Couny_Parks,COUNTY,0,79;ACRES "ACRES" true true false 8 Double 0 0,First,#,LA_Couny_Parks,ACRES,-1,-1;LABEL_NAME "LABEL_NAME" true true false 254 Text 0 0,First,#,LA_Couny_Parks,LABEL_NAME,0,253;DATE_REVIS "DATE_REVIS" true true false 8 Date 0 1,First,#,LA_Couny_Parks,DATE_REVIS,-1,-1;SRC_ATTR "SRC_ATTR" true true false 20 Text 0 0,First,#,LA_Couny_Parks,SRC_ATTR,0,19;SRC_ALIGN "SRC_ALIGN" true true false 20 Text 0 0,First,#,LA_Couny_Parks,SRC_ALIGN,0,19;YR_PROTECT "YR_PROTECT" true true false 4 Long 0 0,First,#,LA_Couny_Parks,YR_PROTECT,-1,-1;YR_EST "YR_EST" true true false 4 Long 0 0,First,#,LA_Couny_Parks,YR_EST,-1,-1;GAP1_acres "GAP1_acres" true true false 8 Double 0 0,First,#,LA_Couny_Parks,GAP1_acres,-1,-1;GAP2_acres "GAP2_acres" true true false 8 Double 0 0,First,#,LA_Couny_Parks,GAP2_acres,-1,-1;GAP3_acres "GAP3_acres" true true false 8 Double 0 0,First,#,LA_Couny_Parks,GAP3_acres,-1,-1;GAP4_acres "GAP4_acres" true true false 8 Double 0 0,First,#,LA_Couny_Parks,GAP4_acres,-1,-1;GAP_Source "GAP_Source" true true false 254 Text 0 0,First,#,LA_Couny_Parks,GAP_Source,0,253;TOT_GAP_AC "TOT_GAP_AC" true true false 8 Double 0 0,First,#,LA_Couny_Parks,TOT_GAP_AC,-1,-1;Shape_Length "Shape_Length" false true true 8 Double 0 0,First,#,LA_Couny_Parks,Shape_Length,-1,-1;Shape_Area "Shape_Area" false true true 8 Double 0 0,First,#,LA_Couny_Parks,Shape_Area,-1,-1" #</Process></lineage></DataProperties><SyncDate>20241014</SyncDate><SyncTime>11121000</SyncTime><ModDate>20241014</ModDate><ModTime>11121000</ModTime></Esri><dataIdInfo><envirDesc Sync="TRUE">Microsoft Windows 10 Version 10.0 (Build 22631) ; Esri ArcGIS 13.3.0.52636</envirDesc><dataLang><languageCode value="eng" Sync="TRUE"></languageCode><countryCode value="USA" Sync="TRUE"></countryCode></dataLang><idCitation><resTitle Sync="TRUE">LA_County_Parks</resTitle><presForm><PresFormCd value="005" Sync="TRUE"></PresFormCd></presForm></idCitation><spatRpType><SpatRepTypCd value="001" Sync="TRUE"></SpatRepTypCd></spatRpType></dataIdInfo><mdLang><languageCode value="eng" Sync="TRUE"></languageCode><countryCode value="USA" Sync="TRUE"></countryCode></mdLang><mdChar><CharSetCd value="004" Sync="TRUE"></CharSetCd></mdChar><distInfo><distFormat><formatName Sync="TRUE">Shapefile</formatName></distFormat><distTranOps><transSize Sync="TRUE">0.000</transSize></distTranOps></distInfo><mdHrLv><ScopeCd value="005" Sync="TRUE"></ScopeCd></mdHrLv><mdHrLvName Sync="TRUE">dataset</mdHrLvName><refSysInfo><RefSystem><refSysID><identCode code="3857" Sync="TRUE"></identCode><idCodeSpace Sync="TRUE">EPSG</idCodeSpace><idVersion Sync="TRUE">6.18.3(9.3.1.2)</idVersion></refSysID></RefSystem></refSysInfo><spatRepInfo><VectSpatRep><geometObjs Name="LA_County_Parks"><geoObjTyp><GeoObjTypCd value="002" Sync="TRUE"></GeoObjTypCd></geoObjTyp><geoObjCnt Sync="TRUE">0</geoObjCnt></geometObjs><topLvl><TopoLevCd value="001" Sync="TRUE"></TopoLevCd></topLvl></VectSpatRep></spatRepInfo><spdoinfo><ptvctinf><esriterm Name="LA_County_Parks"><efeatyp Sync="TRUE">Simple</efeatyp><efeageom code="4" Sync="TRUE"></efeageom><esritopo Sync="TRUE">FALSE</esritopo><efeacnt Sync="TRUE">0</efeacnt><spindex Sync="TRUE">FALSE</spindex><linrefer Sync="TRUE">FALSE</linrefer></esriterm></ptvctinf></spdoinfo><eainfo><detailed Name="LA_County_Parks"><enttyp><enttypl Sync="TRUE">LA_County_Parks</enttypl><enttypt Sync="TRUE">Feature Class</enttypt><enttypc Sync="TRUE">0</enttypc></enttyp><attr><attrlabl Sync="TRUE">FID</attrlabl><attalias Sync="TRUE">FID</attalias><attrtype Sync="TRUE">OID</attrtype><attwidth Sync="TRUE">4</attwidth><atprecis Sync="TRUE">0</atprecis><attscale Sync="TRUE">0</attscale><attrdef Sync="TRUE">Internal feature number.</attrdef><attrdefs Sync="TRUE">Esri</attrdefs><attrdomv><udom Sync="TRUE">Sequential unique whole numbers that are automatically generated.</udom></attrdomv></attr><attr><attrlabl Sync="TRUE">Shape</attrlabl><attalias Sync="TRUE">Shape</attalias><attrtype Sync="TRUE">Geometry</attrtype><attwidth Sync="TRUE">0</attwidth><atprecis Sync="TRUE">0</atprecis><attscale Sync="TRUE">0</attscale><attrdef Sync="TRUE">Feature geometry.</attrdef><attrdefs Sync="TRUE">Esri</attrdefs><attrdomv><udom Sync="TRUE">Coordinates defining the features.</udom></attrdomv></attr><attr><attrlabl Sync="TRUE">HOLDING_ID</attrlabl><attalias Sync="TRUE">HOLDING_ID</attalias><attrtype Sync="TRUE">Integer</attrtype><attwidth Sync="TRUE">10</attwidth><atprecis Sync="TRUE">10</atprecis><attscale Sync="TRUE">0</attscale></attr><attr><attrlabl Sync="TRUE">ACCESS_TYP</attrlabl><attalias Sync="TRUE">ACCESS_TYP</attalias><attrtype Sync="TRUE">String</attrtype><attwidth Sync="TRUE">20</attwidth><atprecis Sync="TRUE">0</atprecis><attscale Sync="TRUE">0</attscale></attr><attr><attrlabl Sync="TRUE">UNIT_ID</attrlabl><attalias Sync="TRUE">UNIT_ID</attalias><attrtype Sync="TRUE">Integer</attrtype><attwidth Sync="TRUE">10</attwidth><atprecis Sync="TRUE">10</atprecis><attscale Sync="TRUE">0</attscale></attr><attr><attrlabl Sync="TRUE">UNIT_NAME</attrlabl><attalias Sync="TRUE">UNIT_NAME</attalias><attrtype Sync="TRUE">String</attrtype><attwidth Sync="TRUE">80</attwidth><atprecis Sync="TRUE">0</atprecis><attscale Sync="TRUE">0</attscale></attr><attr><attrlabl Sync="TRUE">SUID_NMA</attrlabl><attalias Sync="TRUE">SUID_NMA</attalias><attrtype Sync="TRUE">Integer</attrtype><attwidth Sync="TRUE">10</attwidth><atprecis Sync="TRUE">10</atprecis><attscale Sync="TRUE">0</attscale></attr><attr><attrlabl Sync="TRUE">AGNCY_ID</attrlabl><attalias Sync="TRUE">AGNCY_ID</attalias><attrtype Sync="TRUE">Integer</attrtype><attwidth Sync="TRUE">10</attwidth><atprecis Sync="TRUE">10</atprecis><attscale Sync="TRUE">0</attscale></attr><attr><attrlabl Sync="TRUE">AGNCY_NAME</attrlabl><attalias Sync="TRUE">AGNCY_NAME</attalias><attrtype Sync="TRUE">String</attrtype><attwidth Sync="TRUE">100</attwidth><atprecis Sync="TRUE">0</atprecis><attscale Sync="TRUE">0</attscale></attr><attr><attrlabl Sync="TRUE">AGNCY_LEV</attrlabl><attalias Sync="TRUE">AGNCY_LEV</attalias><attrtype Sync="TRUE">String</attrtype><attwidth Sync="TRUE">50</attwidth><atprecis Sync="TRUE">0</atprecis><attscale Sync="TRUE">0</attscale></attr><attr><attrlabl Sync="TRUE">AGNCY_TYP</attrlabl><attalias Sync="TRUE">AGNCY_TYP</attalias><attrtype Sync="TRUE">String</attrtype><attwidth Sync="TRUE">50</attwidth><atprecis Sync="TRUE">0</atprecis><attscale Sync="TRUE">0</attscale></attr><attr><attrlabl Sync="TRUE">AGNCY_WEB</attrlabl><attalias Sync="TRUE">AGNCY_WEB</attalias><attrtype Sync="TRUE">String</attrtype><attwidth Sync="TRUE">254</attwidth><atprecis Sync="TRUE">0</atprecis><attscale Sync="TRUE">0</attscale></attr><attr><attrlabl Sync="TRUE">LAYER</attrlabl><attalias Sync="TRUE">LAYER</attalias><attrtype Sync="TRUE">String</attrtype><attwidth Sync="TRUE">50</attwidth><atprecis Sync="TRUE">0</atprecis><attscale Sync="TRUE">0</attscale></attr><attr><attrlabl Sync="TRUE">MNG_AG_ID</attrlabl><attalias Sync="TRUE">MNG_AG_ID</attalias><attrtype Sync="TRUE">Integer</attrtype><attwidth Sync="TRUE">10</attwidth><atprecis Sync="TRUE">10</atprecis><attscale Sync="TRUE">0</attscale></attr><attr><attrlabl Sync="TRUE">MNG_AGNCY</attrlabl><attalias Sync="TRUE">MNG_AGNCY</attalias><attrtype Sync="TRUE">String</attrtype><attwidth Sync="TRUE">100</attwidth><atprecis Sync="TRUE">0</atprecis><attscale Sync="TRUE">0</attscale></attr><attr><attrlabl Sync="TRUE">MNG_AG_LEV</attrlabl><attalias Sync="TRUE">MNG_AG_LEV</attalias><attrtype Sync="TRUE">String</attrtype><attwidth Sync="TRUE">50</attwidth><atprecis Sync="TRUE">0</atprecis><attscale Sync="TRUE">0</attscale></attr><attr><attrlabl Sync="TRUE">MNG_AG_TYP</attrlabl><attalias Sync="TRUE">MNG_AG_TYP</attalias><attrtype Sync="TRUE">String</attrtype><attwidth Sync="TRUE">50</attwidth><atprecis Sync="TRUE">0</atprecis><attscale Sync="TRUE">0</attscale></attr><attr><attrlabl Sync="TRUE">SITE_NAME</attrlabl><attalias Sync="TRUE">SITE_NAME</attalias><attrtype Sync="TRUE">String</attrtype><attwidth Sync="TRUE">100</attwidth><atprecis Sync="TRUE">0</atprecis><attscale Sync="TRUE">0</attscale></attr><attr><attrlabl Sync="TRUE">ALT_SITE_N</attrlabl><attalias Sync="TRUE">ALT_SITE_N</attalias><attrtype Sync="TRUE">String</attrtype><attwidth Sync="TRUE">100</attwidth><atprecis Sync="TRUE">0</atprecis><attscale Sync="TRUE">0</attscale></attr><attr><attrlabl Sync="TRUE">PARK_URL</attrlabl><attalias Sync="TRUE">PARK_URL</attalias><attrtype Sync="TRUE">String</attrtype><attwidth Sync="TRUE">231</attwidth><atprecis Sync="TRUE">0</atprecis><attscale Sync="TRUE">0</attscale></attr><attr><attrlabl Sync="TRUE">LAND_WATER</attrlabl><attalias Sync="TRUE">LAND_WATER</attalias><attrtype Sync="TRUE">String</attrtype><attwidth Sync="TRUE">10</attwidth><atprecis Sync="TRUE">0</atprecis><attscale Sync="TRUE">0</attscale></attr><attr><attrlabl Sync="TRUE">SPEC_USE</attrlabl><attalias Sync="TRUE">SPEC_USE</attalias><attrtype Sync="TRUE">String</attrtype><attwidth Sync="TRUE">50</attwidth><atprecis Sync="TRUE">0</atprecis><attscale Sync="TRUE">0</attscale></attr><attr><attrlabl Sync="TRUE">CITY</attrlabl><attalias Sync="TRUE">CITY</attalias><attrtype Sync="TRUE">String</attrtype><attwidth Sync="TRUE">100</attwidth><atprecis Sync="TRUE">0</atprecis><attscale Sync="TRUE">0</attscale></attr><attr><attrlabl Sync="TRUE">COUNTY</attrlabl><attalias Sync="TRUE">COUNTY</attalias><attrtype Sync="TRUE">String</attrtype><attwidth Sync="TRUE">80</attwidth><atprecis Sync="TRUE">0</atprecis><attscale Sync="TRUE">0</attscale></attr><attr><attrlabl Sync="TRUE">ACRES</attrlabl><attalias Sync="TRUE">ACRES</attalias><attrtype Sync="TRUE">Double</attrtype><attwidth Sync="TRUE">19</attwidth><atprecis Sync="TRUE">0</atprecis><attscale Sync="TRUE">0</attscale></attr><attr><attrlabl Sync="TRUE">LABEL_NAME</attrlabl><attalias Sync="TRUE">LABEL_NAME</attalias><attrtype Sync="TRUE">String</attrtype><attwidth Sync="TRUE">254</attwidth><atprecis Sync="TRUE">0</atprecis><attscale Sync="TRUE">0</attscale></attr><attr><attrlabl Sync="TRUE">DATE_REVIS</attrlabl><attalias Sync="TRUE">DATE_REVIS</attalias><attrtype Sync="TRUE">Date</attrtype><attwidth Sync="TRUE">8</attwidth><atprecis Sync="TRUE">0</atprecis><attscale Sync="TRUE">0</attscale></attr><attr><attrlabl Sync="TRUE">SRC_ATTR</attrlabl><attalias Sync="TRUE">SRC_ATTR</attalias><attrtype Sync="TRUE">String</attrtype><attwidth Sync="TRUE">20</attwidth><atprecis Sync="TRUE">0</atprecis><attscale Sync="TRUE">0</attscale></attr><attr><attrlabl Sync="TRUE">SRC_ALIGN</attrlabl><attalias Sync="TRUE">SRC_ALIGN</attalias><attrtype Sync="TRUE">String</attrtype><attwidth Sync="TRUE">20</attwidth><atprecis Sync="TRUE">0</atprecis><attscale Sync="TRUE">0</attscale></attr><attr><attrlabl Sync="TRUE">YR_PROTECT</attrlabl><attalias Sync="TRUE">YR_PROTECT</attalias><attrtype Sync="TRUE">Integer</attrtype><attwidth Sync="TRUE">10</attwidth><atprecis Sync="TRUE">10</atprecis><attscale Sync="TRUE">0</attscale></attr><attr><attrlabl Sync="TRUE">YR_EST</attrlabl><attalias Sync="TRUE">YR_EST</attalias><attrtype Sync="TRUE">Integer</attrtype><attwidth Sync="TRUE">10</attwidth><atprecis Sync="TRUE">10</atprecis><attscale Sync="TRUE">0</attscale></attr><attr><attrlabl Sync="TRUE">GAP1_acres</attrlabl><attalias Sync="TRUE">GAP1_acres</attalias><attrtype Sync="TRUE">Double</attrtype><attwidth Sync="TRUE">19</attwidth><atprecis Sync="TRUE">0</atprecis><attscale Sync="TRUE">0</attscale></attr><attr><attrlabl Sync="TRUE">GAP2_acres</attrlabl><attalias Sync="TRUE">GAP2_acres</attalias><attrtype Sync="TRUE">Double</attrtype><attwidth Sync="TRUE">19</attwidth><atprecis Sync="TRUE">0</atprecis><attscale Sync="TRUE">0</attscale></attr><attr><attrlabl Sync="TRUE">GAP3_acres</attrlabl><attalias Sync="TRUE">GAP3_acres</attalias><attrtype Sync="TRUE">Double</attrtype><attwidth Sync="TRUE">19</attwidth><atprecis Sync="TRUE">0</atprecis><attscale Sync="TRUE">0</attscale></attr><attr><attrlabl Sync="TRUE">GAP4_acres</attrlabl><attalias Sync="TRUE">GAP4_acres</attalias><attrtype Sync="TRUE">Double</attrtype><attwidth Sync="TRUE">19</attwidth><atprecis Sync="TRUE">0</atprecis><attscale Sync="TRUE">0</attscale></attr><attr><attrlabl Sync="TRUE">GAP_Source</attrlabl><attalias Sync="TRUE">GAP_Source</attalias><attrtype Sync="TRUE">String</attrtype><attwidth Sync="TRUE">254</attwidth><atprecis Sync="TRUE">0</atprecis><attscale Sync="TRUE">0</attscale></attr><attr><attrlabl Sync="TRUE">TOT_GAP_AC</attrlabl><attalias Sync="TRUE">TOT_GAP_AC</attalias><attrtype Sync="TRUE">Double</attrtype><attwidth Sync="TRUE">19</attwidth><atprecis Sync="TRUE">0</atprecis><attscale Sync="TRUE">0</attscale></attr><attr><attrlabl Sync="TRUE">Shape_Leng</attrlabl><attalias Sync="TRUE">Shape_Leng</attalias><attrtype Sync="TRUE">Double</attrtype><attwidth Sync="TRUE">19</attwidth><atprecis Sync="TRUE">0</atprecis><attscale Sync="TRUE">0</attscale></attr><attr><attrlabl Sync="TRUE">Shape_Area</attrlabl><attalias Sync="TRUE">Shape_Area</attalias><attrtype Sync="TRUE">Double</attrtype><attwidth Sync="TRUE">19</attwidth><atprecis Sync="TRUE">0</atprecis><attscale Sync="TRUE">0</attscale><attrdef Sync="TRUE">Area of feature in internal units squared.</attrdef><attrdefs Sync="TRUE">Esri</attrdefs><attrdomv><udom Sync="TRUE">Positive real numbers that are automatically generated.</udom></attrdomv></attr></detailed></eainfo><mdDateSt Sync="TRUE">20241014</mdDateSt></metadata>
